tau,n,r_hat,r_ub
0.0,0,0.0,inf
0.005,0,0.0,inf
0.0101,0,0.0,inf
0.0151,0,0.0,inf
0.0201,1,1.0,3.0364
0.0251,6,0.1667,0.998
0.0302,16,0.1875,0.6966
0.0352,73,0.2877,0.526
0.0402,214,0.257,0.3962
0.0452,369,0.2737,0.3797
0.0503,552,0.2754,0.362
0.0553,687,0.3013,0.379
0.0603,876,0.3071,0.3759
0.0653,1169,0.3234,0.3829
0.0704,1726,0.3192,0.3683
0.0754,2208,0.332,0.3753
0.0804,2812,0.3489,0.3873
0.0854,3587,0.3468,0.3808
0.0905,4178,0.3451,0.3766
0.0955,4805,0.3451,0.3744
0.1005,5372,0.344,0.3718
0.1055,5847,0.3453,0.3719
0.1106,6268,0.3459,0.3716
0.1156,6645,0.3461,0.3711
0.1206,7062,0.3455,0.3697
0.1256,7360,0.3458,0.3695
0.1307,7611,0.3469,0.3702
0.1357,7921,0.3471,0.3699
0.1407,8135,0.3491,0.3717
0.1457,8325,0.35,0.3723
0.1508,8492,0.3507,0.3728
0.1558,8614,0.3509,0.3729
0.1608,8740,0.3511,0.3729
0.1658,8859,0.3497,0.3713
0.1709,9152,0.3505,0.3718
0.1759,9532,0.3533,0.3742
0.1809,9711,0.3553,0.3759
0.1859,9851,0.3539,0.3744
0.191,9896,0.3536,0.374
0.196,9961,0.3537,0.3741
0.201,10050,0.3538,0.3741
0.206,10091,0.3536,0.3739
0.2111,10126,0.3528,0.373
0.2161,10148,0.3523,0.3725
0.2211,10173,0.3521,0.3723
0.2261,10221,0.3515,0.3717
0.2312,10239,0.3512,0.3713
0.2362,10267,0.3506,0.3707
0.2412,10278,0.3504,0.3704
0.2462,10282,0.3503,0.3704
0.2513,10293,0.3501,0.3702
0.2563,10296,0.3501,0.3702
0.2613,10300,0.3501,0.3702
0.2663,10309,0.3501,0.3701
0.2714,10317,0.3499,0.37
0.2764,10320,0.3498,0.3699
0.2814,10323,0.3497,0.3697
0.2864,10327,0.3496,0.3696
0.2915,10334,0.3497,0.3698
0.2965,10336,0.3497,0.3697
0.3015,10337,0.3496,0.3696
0.3065,10339,0.3496,0.3696
0.3116,10342,0.3494,0.3695
0.3166,10343,0.3494,0.3694
0.3216,10350,0.3492,0.3692
0.3266,10353,0.3491,0.3691
0.3317,10357,0.3489,0.369
0.3367,10358,0.3489,0.3689
0.3417,10358,0.3489,0.3689
0.3467,10359,0.3489,0.3689
0.3518,10359,0.3489,0.3689
0.3568,10359,0.3489,0.3689
0.3618,10359,0.3489,0.3689
0.3668,10361,0.3489,0.3689
0.3719,10365,0.3489,0.3689
0.3769,10368,0.3488,0.3688
0.3819,10369,0.3487,0.3687
0.3869,10370,0.3487,0.3687
0.392,10370,0.3487,0.3687
0.397,10370,0.3487,0.3687
0.402,10370,0.3487,0.3687
0.407,10370,0.3487,0.3687
0.4121,10371,0.3487,0.3687
0.4171,10371,0.3487,0.3687
0.4221,10371,0.3487,0.3687
0.4271,10371,0.3487,0.3687
0.4322,10371,0.3487,0.3687
0.4372,10373,0.3486,0.3686
0.4422,10373,0.3486,0.3686
0.4472,10373,0.3486,0.3686
0.4523,10373,0.3486,0.3686
0.4573,10373,0.3486,0.3686
0.4623,10374,0.3486,0.3686
0.4673,10375,0.3485,0.3685
0.4724,10375,0.3485,0.3685
0.4774,10376,0.3485,0.3685
0.4824,10376,0.3485,0.3685
0.4874,10376,0.3485,0.3685
0.4925,10376,0.3485,0.3685
0.4975,10376,0.3485,0.3685
0.5025,10376,0.3485,0.3685
0.5075,10376,0.3485,0.3685
0.5126,10376,0.3485,0.3685
0.5176,10376,0.3485,0.3685
0.5226,10377,0.3485,0.3685
0.5276,10377,0.3485,0.3685
0.5327,10377,0.3485,0.3685
0.5377,10377,0.3485,0.3685
0.5427,10377,0.3485,0.3685
0.5477,10377,0.3485,0.3685
0.5528,10377,0.3485,0.3685
0.5578,10377,0.3485,0.3685
0.5628,10377,0.3485,0.3685
0.5678,10377,0.3485,0.3685
0.5729,10377,0.3485,0.3685
0.5779,10377,0.3485,0.3685
0.5829,10377,0.3485,0.3685
0.5879,10377,0.3485,0.3685
0.593,10377,0.3485,0.3685
0.598,10377,0.3485,0.3685
0.603,10377,0.3485,0.3685
0.608,10377,0.3485,0.3685
0.6131,10377,0.3485,0.3685
0.6181,10377,0.3485,0.3685
0.6231,10378,0.3484,0.3684
0.6281,10378,0.3484,0.3684
0.6332,10378,0.3484,0.3684
0.6382,10378,0.3484,0.3684
0.6432,10378,0.3484,0.3684
0.6482,10378,0.3484,0.3684
0.6533,10378,0.3484,0.3684
0.6583,10378,0.3484,0.3684
0.6633,10378,0.3484,0.3684
0.6683,10378,0.3484,0.3684
0.6734,10378,0.3484,0.3684
0.6784,10378,0.3484,0.3684
0.6834,10378,0.3484,0.3684
0.6884,10378,0.3484,0.3684
0.6935,10378,0.3484,0.3684
0.6985,10378,0.3484,0.3684
0.7035,10378,0.3484,0.3684
0.7085,10378,0.3484,0.3684
0.7136,10378,0.3484,0.3684
0.7186,10378,0.3484,0.3684
0.7236,10378,0.3484,0.3684
0.7286,10378,0.3484,0.3684
0.7337,10378,0.3484,0.3684
0.7387,10378,0.3484,0.3684
0.7437,10378,0.3484,0.3684
0.7487,10378,0.3484,0.3684
0.7538,10378,0.3484,0.3684
0.7588,10378,0.3484,0.3684
0.7638,10378,0.3484,0.3684
0.7688,10378,0.3484,0.3684
0.7739,10378,0.3484,0.3684
0.7789,10378,0.3484,0.3684
0.7839,10378,0.3484,0.3684
0.7889,10378,0.3484,0.3684
0.794,10378,0.3484,0.3684
0.799,10378,0.3484,0.3684
0.804,10378,0.3484,0.3684
0.809,10378,0.3484,0.3684
0.8141,10378,0.3484,0.3684
0.8191,10378,0.3484,0.3684
0.8241,10378,0.3484,0.3684
0.8291,10378,0.3484,0.3684
0.8342,10378,0.3484,0.3684
0.8392,10378,0.3484,0.3684
0.8442,10378,0.3484,0.3684
0.8492,10378,0.3484,0.3684
0.8543,10378,0.3484,0.3684
0.8593,10378,0.3484,0.3684
0.8643,10378,0.3484,0.3684
0.8693,10378,0.3484,0.3684
0.8744,10378,0.3484,0.3684
0.8794,10378,0.3484,0.3684
0.8844,10378,0.3484,0.3684
0.8894,10378,0.3484,0.3684
0.8945,10378,0.3484,0.3684
0.8995,10378,0.3484,0.3684
0.9045,10378,0.3484,0.3684
0.9095,10378,0.3484,0.3684
0.9146,10378,0.3484,0.3684
0.9196,10378,0.3484,0.3684
0.9246,10378,0.3484,0.3684
0.9296,10378,0.3484,0.3684
0.9347,10378,0.3484,0.3684
0.9397,10378,0.3484,0.3684
0.9447,10378,0.3484,0.3684
0.9497,10378,0.3484,0.3684
0.9548,10378,0.3484,0.3684
0.9598,10378,0.3484,0.3684
0.9648,10378,0.3484,0.3684
0.9698,10378,0.3484,0.3684
0.9749,10378,0.3484,0.3684
0.9799,10378,0.3484,0.3684
0.9849,10378,0.3484,0.3684
0.9899,10378,0.3484,0.3684
0.995,10378,0.3484,0.3684
1.0,10378,0.3484,0.3684
